2b2f44594449326f4e52553d,/m/06ts_6 /m/01g317
2b333057383432514454593d,/m/01g317 /m/06ts_6 /m/01jpn4 /m/0dnkv
2b38364476612f6c4558383d,/m/01g317 /m/05zp8
2b4270756237642b7456453d,/m/0jjw /m/015r61 /m/02csf /m/05qdh
2b4534307571444f412b4d3d,/m/099fz
2b473237514352467647733d,/m/0brn2d /m/0263lr1 /m/07j7r /m/02y_51m /m/0sx_x /m/01n8m6 /m/05s2s /m/02n7rn /m/07k9y2b
2b48396a395777587938593d,/m/0199g /m/09rgp /m/0_mjp
2b4c683965772f6a39376f3d,/m/03fp41
2b515976376a6841774e553d,/m/0263lr1 /m/08t9c_
2b52586f4a6a52707764493d,/m/01g317
2b56424a584f796d6c6c493d,/m/0_mjp /m/0199g /m/03p2h9 /m/09rgp /m/03hrb5
2b56692f795057707655303d,/m/09lbv /m/01g317
2b63736f717065726358593d,/m/07vwy6 /m/0jjw
2b68424a33433938334b4d3d,/m/0k5j
2b686967554a4d386663773d,/m/0c9ph5 /m/06fvc /m/083vt /m/05s2s
2b69572b66686c357132593d,/m/07bsy /m/05zdp /m/01g317
2b6a52794c4179585258593d,/m/01h6rj /m/099md /m/0pd7 /m/01g317
2b6d4e7341712f704268593d,/m/01g317 /m/0pgl9
2b7375344e68686d4c32303d,/m/03fp41 /m/0fm3zh
2b745875704230415444303d,/m/0ytgt /m/01g317 /m/02vx4 /m/06ntj /m/014jg3
2f306c5a492f5256314a6f3d,/m/05s2s /m/07j7r
2f3356396744622b5652303d,/m/02054x /m/0dqb5
2f374267326436496f2f553d,/m/06ts_6 /m/01g317 /m/01jpn4 /m/0crjs
2f414e7a6a44362b7364343d,/m/01g317
2f4533706655444f5439673d,/m/01c8br /m/09p3jz /m/0180xr
2f45766230676774676e733d,/m/09x3lm /m/09p3jz /m/083vt
2f4b6d3663484d68734d493d,/m/0jyfg /m/017ftj
2f664354593169493349383d,/m/05s2s
2f665375734f32486867453d,/m/01g317 /m/01ft5b /m/04hyxm /m/01d30f
2f6d4c5441304a756172593d,/m/0199g
2f6e366c623975374e614d3d,/m/09rgp /m/0199g /m/03p2h9
2f7449725149477a7059303d,/m/05s2s /m/083vt
302b6b66694e7871742f673d,/m/01g317 /m/02fbcn
30376f56424d4b586a62553d,/m/0180xr /m/01g317
3042625a6b6577395849303d,/m/0jbk
3043556142656953514b6b3d,/m/083vt /m/07j7r /m/01g317
30476e6c3172477a4d4e493d,/m/03p2h9 /m/07bsy /m/0199g /m/09rgp
304b5251417749486967303d,/m/05h0n /m/02csf
305061484763567135376f3d,/m/083vt /m/05s2s /m/07j7r
3063716d74454c5042474d3d,/m/07bsy /m/0pg52 /m/01g317 /m/0cfzkp /m/0539n0
3065666674594e7a556e493d,/m/05s2s
306a6434315a49652b67453d,/m/01lqfm /m/01g317
306a697a4a5575726d43413d,/m/0fly7
306c366e366430514b31593d,/m/012c9l /m/01yrx /m/04c41_
306c77794a764450374e453d,/m/07j7r /m/083vt /m/05s2s
306d44774b2f7238464d553d,/m/0jyfg
30707858674b78304945593d,/m/06rrc
307456737753474743596b3d,/m/0jjw
307767696f6f38534552633d,/m/07jdr /m/01g317 /m/01vk9q
3130544a475478654551493d,/m/05s2s /m/01g317 /m/08t9c_ /m/0166ls
31317951485637733864513d,/m/03bm6 /m/01g317 /m/07j7r
31337a372b505679614b633d,/m/09j2d
3134415a377751683576413d,/m/0199g
3137686e494557466c51383d,/m/01g317 /m/0gl2ny2
3153786b715676455431553d,/m/01g317 /m/06ts_6
31545941534454715268673d,/m/07j7r /m/026wh99
31546258784248746e51303d,/m/02wbm
3154736b764d62445145383d,/m/04_sv /m/0dmq2
31552f30666c4f6d4341733d,/m/01g317 /m/01c8br
31562f49774261582f754d3d,/m/07vwy6 /m/01c8br /m/0jjw /m/01g317
31576863636c754c4270493d,/m/01g317 /m/0gl2ny2
316268314d67476e3647733d,/m/0vlys /m/01nblt /m/05wrt /m/026y56
3164376d766570626f32593d,/m/01g317
31646676762b64445976513d,/m/01llwg
316471553634343156584d3d,/m/05s2s
31654d334c5865797151303d,/m/05h0n /m/01f43
3165656e354c766f7545773d,/m/01vxzc /m/0263lr1 /m/0g8p9 /m/02n7rn /m/0brn2d
3166494744374a663636673d,/m/01g317 /m/05s2s /m/03fp41
31677368764467784869413d,/m/02jspn /m/05s2s /m/02vyr27
31706e796b304f38676d413d,/m/05wrt
31717469447536317046733d,/m/01yrx
3176777865534d756538343d,/m/083vt /m/05s2s /m/03ljvf
317866504c4541736877553d,/m/03c79 /m/05wrt
31795064363258365634773d,/m/05zdp /m/045jsc /m/07bsy
32335067466571302f49413d,/m/0199g
3235526958764b787833343d,/m/0jjw /m/02csf /m/05kq4
323750464e313147436a593d,/m/01yrx
3237556b2f466e4a4e4c553d,/m/07j7r
3242472f4b6e76496b43513d,/m/01yrx
32457579524b684f7245593d,/m/01r546
325532786f75376f6b72553d,/m/09jwl /m/01g317
32562f6d446f57324561553d,/m/0138tl /m/025dyy
325630564162396e3757773d,/m/04c9vm /m/01hcps /m/01xxtm /m/04scj /m/07z2l
326168464e7147397278733d,/m/05s2s /m/08t9c_
326346556f4c67694e62493d,/m/01g317 /m/03ty65
326a536579776259366c593d,/m/01g317 /m/0gl2ny2
333863456a4b796b6f61493d,/m/01g317
33394e5557632f4c6935673d,/m/04scj
3351334e71524c776254553d,/m/01c8br /m/0180xr /m/0dx1j
33614f4c5539635554734d3d,/m/03jm5 /m/05wrt /m/01c8br
336559794e5355526f79733d,/m/025s8bs /m/0hhdb /m/01g317
336568724f7a67717a66453d,/m/05wrt /m/01g317
337132576754546a6f79553d,/m/0k5j /m/07j7r
33745850573574784879343d,/m/05s2s /m/01jm2n /m/0dnhy
33766a705450466e3164493d,/m/07j7r
33774e416d7a692f506b343d,/m/0dx1j /m/01lwf0 /m/0180xr /m/01nblt
34327348377550595a41593d,/m/06ts_6 /m/01g317
3434775274482f783748413d,/m/083vt /m/07j7r /m/01c8br /m/05s2s
3436507243352b51616c493d,/m/06ts_6 /m/01g317
34464e6d4d4c646d3474493d,/m/04szw /m/02dlh2 /m/01vmzn
344d4e5347464c353754493d,/m/018xm /m/018w8 /m/01g317
3453664d4e5a6d787068493d,/m/09j1x
34586b396f6674414c66493d,/m/07bsy /m/0dnhy /m/05zdp /m/01g317
345a3352485356484b38413d,/m/01wb7 /m/0180xr
346455452b49594d334f4d3d,/m/01g317 /m/01c8br /m/0jjw
3464654574674f73564b6f3d,/m/02522 /m/01c648 /m/01g317
34693575446950313334593d,/m/02csf /m/0jjw
346b597372785764366d413d,/m/04szw /m/01g317 /m/042v_gx
346c7357593356576c58553d,/m/03jm5 /m/01g317
346f4e4f6871744c486f513d,/m/016br2 /m/01g317
347576715a624d356430453d,/m/05wrt /m/01nblt /m/03jm5
34784136583341355a4b6b3d,/m/05s2s
352b36554e412f547050733d,/m/0cgh4 /m/01nblt /m/0vlys /m/0180xr
35307a7834483238792f303d,/m/07j7r
35426631692b77687556303d,/m/05wrt /m/03jm5 /m/03nfmq /m/0dx1j
35456678513336374c52493d,/m/083vt /m/05s2s
35457a303456324d3630553d,/m/07j7r
3548552f37504f456568453d,/m/0k5j /m/09cjl
35506a4744424f337a2f343d,/m/05wrt
355567482f6b75524551413d,/m/05s2s /m/083vt /m/07j7r
356a6342704f4f436b79773d,/m/083vt /m/07j7r /m/05s2s
356c527246694b4e6557733d,/m/02rcwpb /m/01yrx /m/012c9l
35724136613367643549493d,/m/03fp41 /m/05s2s
35733157733635516f466f3d,/m/03q5fj
35795578617049453561773d,/m/05s2s
362b55585a7358744275593d,/m/05t4q /m/01g317 /m/0hpnr
36306a2f44495176356d6b3d,/m/05wrt
36317156666376793042733d,/m/0djtd /m/07j7r /m/01nblt
36357a5579466a516e76413d,/m/09t49
3636664c7670557a4a39733d,/m/07bsy
36473262635152634e57343d,/m/0k4j /m/06gfj
364c2f746a48716b6864303d,/m/04szw /m/0342h
364f7167564566373646773d,/m/06m11 /m/02csf /m/01lsmm
3651434f6f6e4d346158733d,/m/01g317
365330414672512b3459303d,/m/05s2s /m/01c8br /m/026wh99
365377644f4e59704568303d,/m/020m7t /m/03bt1gh /m/01g317
36562f71477061503974493d,/m/0jyfg
36587268635133722b41513d,/m/01g317
36654b4f68744a43732b343d,/m/01g317 /m/083mg
36655548735946654a72383d,/m/01g317 /m/013_1c
366d4935373451792b75413d,/m/018xm /m/08t9c_
366d6f4e44396e42346d343d,/m/06ts_6 /m/01g317
366d7458466b6a7678756b3d,/m/09b5t /m/0f25w9 /m/0qf0c /m/04scj
366f706b7770774c76556f3d,/m/0l7_8
36716f4d504a78564b6a453d,/m/06ts_6 /m/01g317
367246744e6a6161386a4d3d,/m/0342h /m/018vs /m/02sgy /m/04szw
36724e4e34466d505862513d,/m/03txxp /m/0369ss /m/01cmcs /m/0180xr /m/083p6f
36764d524f7338384e756f3d,/m/05s2s
36784b6f343279474b55593d,/m/03jm5 /m/05wrt
3730414272434a726266493d,/m/07s6nbt /m/02csf /m/01g317
373451465a6774456733493d,/m/04scj
37425333556c66754e4d733d,/m/026wh99 /m/07j7r
37484779366875416e414d3d,/m/05wrt /m/03jm5
374a737753726e72346e493d,/m/0263lr1
374d396242616f354e4e593d,/m/01g317 /m/016vv0
374d46563746756962734d3d,/m/01bjv /m/0py27 /m/05zdp /m/07bsy /m/01g317
374f5172776d686b6d4a773d,/m/01g317
37526d39485151536963733d,/m/019sc /m/04szw /m/05r5c /m/01g317
3761443545457a3743516b3d,/m/0263lr1 /m/0brn2d /m/07j7r /m/02n7rn
3762524d797a5839594a343d,/m/01n32 /m/03jm5 /m/05wrt /m/01nblt
376831704f4262777863453d,/m/02csf /m/0ch_cf /m/018ktp /m/05qdh
37693161666432462b47343d,/m/01l7t2 /m/0j_s4 /m/08854 /m/0204fg /m/034z7h
376f6f54754a30753072673d,/m/0199g /m/09rgp /m/01sgl /m/01g317
37704363787977544142593d,/m/0jyfg
37765263337650627677383d,/m/06ts_6 /m/01g317
38346939497946716173513d,/m/07bsy /m/01g317 /m/0cfzkp
38355231744e315957384d3d,/m/05s2s /m/026wh99 /m/07j7r /m/0166ls /m/05zdsq
384943412f7a4971586f6b3d,/m/057_14 /m/02r6fj /m/07j7r
384a7058366542443957673d,/m/07yv9 /m/01cmcs /m/03txxp /m/0369ss /m/01g317
384b6b474458386d4559383d,/m/0jyfg
384c37586164437967434d3d,/m/06cd7 /m/05s2s
385448415446697457736b3d,/m/05hg54 /m/0180xr /m/01nblt
3855715042453957654d383d,/m/07j7r /m/0180xr
38714464614e7a3874454d3d,/m/09p3jz /m/01c8br /m/07j7r
387336314a4b2b6b4a726b3d,/m/02csf /m/01g317
38755462506e6262394c773d,/m/02_vjy
38765676306d7a305279453d,/m/01g5v /m/0138tl
392b704d5951364775486b3d,/m/018w8 /m/01g317
39354b716e2b33366b45453d,/m/05qdh
39385a4f456d326d4d2f633d,/m/01c8br /m/0jjw /m/07vwy6
39393038457338435855413d,/m/03p2h9 /m/0199g
394543442f767a474331673d,/m/0199g /m/03p2h9
394f4c4d765270714359593d,/m/06ts_6 /m/01g317
3952736f58664446486d553d,/m/01g317 /m/02c3nd /m/0gl2ny2
39636b30734f596e564b453d,/m/07j7r /m/025sfw /m/016x44 /m/0hlzc
39684547796337556a536b3d,/m/09p3jz /m/01c8br /m/0180xr /m/01g317
396874644b2f6567692f593d,/m/06ntj /m/018w8 /m/01g317
39757a47527a6d463449633d,/m/02n7rn /m/0brn2d /m/0263lr1 /m/01vxzc /m/0ckljz
39774570792f45452f41673d,/m/01l7t2 /m/0j_s4 /m/01g317
3977747767314b5a486f513d,/m/0jyfg
4130554b4a6b683864566b3d,/m/09rgp /m/03p2h9 /m/0199g /m/03hrb5 /m/03hs6w
413537647a3249736d68633d,/m/02sgy /m/04szw /m/0342h /m/018vs
4136644c5376335758416b3d,/m/03p2h9 /m/0199g /m/09rgp /m/0_mjp
4146464c64624d526d53673d,/m/0jyfg
414c45587a697868704d493d,/m/01g317 /m/01c8br /m/03bm6 /m/09p3jz
4150484d4e7172336a77303d,/m/013_1c /m/0pgl9
41544645564c474a422f6f3d,/m/0166ls /m/08t9c_
4173745a7a725933596c493d,/m/0199g
423032676b4f4a67444a383d,/m/04v6l4 /m/01g317
4230526c6b32736f657a303d,/m/03fp41 /m/05s2s
42376b734b6167465772593d,/m/07glzq /m/01g317 /m/02csf
423777596a5645793834343d,/m/01g317
424754466c5671774f6a493d,/m/083vt /m/03ljvf /m/05s2s
42485330317936577454453d,/m/0jyfg
424a5677325147585844773d,/m/01g317 /m/02csf /m/06z37_
424b564830772f735745633d,/m/05s2s /m/03jn61 /m/083vt /m/034v6m
424c41536f762f7974786b3d,/m/0342h /m/04szw /m/042v_gx
424d5867576a66784f31673d,/m/05s2s
4253646664476a395578733d,/m/0gl2ny2 /m/01g317
4258336548752f6a535a493d,/m/01g317 /m/01w5q5 /m/0464z4 /m/01x_v /m/07_gml
4267472f4f516a597158303d,/m/01g317 /m/02vx4 /m/0blz9 /m/0cd3bj
426a6e32304c354153726f3d,/m/0jyfg
426b5341335a59706c65343d,/m/0gl3_vx /m/0dz0lt /m/04scj
426d4c394a3269614631773d,/m/0k5j
426d4f526f52764b4459553d,/m/05s2s
42725471647159645073553d,/m/039jq /m/09q2t
4278667150494e4b4c61513d,/m/03p2h9 /m/0199g /m/09rgp /m/0_mjp
427a7270775367315a614d3d,/m/06z37_ /m/027_ny3 /m/02csf /m/05qdh
43327a595574514e62654d3d,/m/01g317 /m/07yv9
43397a79583147555a474d3d,/m/01g317 /m/018xm /m/018w8
4349594f4b4275493937733d,/m/07bsy /m/01c8br /m/05zdp /m/01bjv /m/02w11w8
434b6b74585375546e506f3d,/m/01g317 /m/025s3q0
43506151426365544342593d,/m/05wrt /m/0dx1j
43534f445165634d49414d3d,/m/05v1q7 /m/030zsj /m/026z81p /m/04scj /m/04fyb1
43574571726338444847343d,/m/07j7r
435a374558337364616c513d,/m/07j7r
4364712f344352467838513d,/m/0jt2t3g /m/012c9l /m/01yrx /m/02rcwpb /m/0g4cd0
43704f54666b71393955343d,/m/0jyfg
4372386350434b3956334d3d,/m/01g317 /m/0k5j /m/0dp7vs /m/018rqw /m/015z8s /m/030czg
437359454744484c5332383d,/m/07j7r
43755a4378734f2f31326f3d,/m/05s2s
437a4a43693768687a4d593d,/m/0180xr
44356238397053644a494d3d,/m/01g317 /m/06wqb
443678486d4d633432644d3d,/m/01f4td /m/01g317
4437454e723054594442413d,/m/02csf /m/07bgp
44504c65796469536b64773d,/m/049h0m
4453435956487a44524b413d,/m/05s2s
4455396e46666f6c7765413d,/m/0153bq /m/01g317 /m/026bk
44556b4d314c45704f4c4d3d,/m/0263lr1
44596241794b7257367a413d,/m/05wrt
446146496a4671416e68673d,/m/05s2s /m/083vt /m/0c9ph5
44695757725639745559553d,/m/02wbm /m/0g9vs81
446b2f52344e47784671513d,/m/0263lr1 /m/0brn2d /m/01vxzc
44744a343973346f6347553d,/m/01g317 /m/057gn /m/05zdp /m/0539n0 /m/07bsy
447a55716c4453446c36553d,/m/083vt /m/05s2s
452f5458704736567665553d,/m/0dzct /m/012qyb /m/01g317
45354a32576e644d6f57453d,/m/05s2s /m/083vt /m/07j7r
45376b57654631584979383d,/m/07j7r
45424266665a5355714e493d,/m/09rgp /m/03hrb5 /m/0199g /m/03p2h9
45524f454e52464c62796f3d,/m/04szw /m/0342h
457769736b552b52384a4d3d,/m/05s2s
46434e53516134654748633d,/m/0_mjp /m/01g317 /m/0199g /m/03p2h9 /m/09rgp
4648502f665856676163413d,/m/07bsy
464855416d2f2b613157673d,/m/0cvnqh /m/01g317
4649366e485678546d70593d,/m/0n5v01m /m/0jyfg
464c512f334967574e2b6b3d,/m/012c9l /m/02rcwpb /m/049dpf /m/0jt2t3g /m/01yrx
464c7a7874395563534d6b3d,/m/01g317 /m/02vx4 /m/02vzx9
46534248387254376434633d,/m/06z37_ /m/05qdh /m/03zdh1
4655714461644969724e493d,/m/06ts_6 /m/01g317
465857684c336d617453733d,/m/01d74z
46633967434e2f5164726f3d,/m/04h8sr
466d585934587047584d343d,/m/01g317 /m/015c4z /m/02vx4
466d712f4d4f32664a716f3d,/m/0180xr /m/01lwf0
4670582b787762574a2b6f3d,/m/0d4v4
4671473476734b455846553d,/m/01vxzc /m/0263lr1 /m/0brn2d
46714871545257453174413d,/m/02csf /m/01g317 /m/07s6nbt
467732456f5067305672383d,/m/07vwy6 /m/03nfmq /m/0jjw
472f736c6666517142656f3d,/m/0dx1j /m/034wh /m/0jjw
47326c48754867432f62513d,/m/06ts_6 /m/0f4s2w /m/01g317
473573495a58786e70686f3d,/m/07j7r /m/0djtd
4737374a483462736a4e6f3d,/m/01c8br /m/0180xr /m/03jm5
47385050515073316f72553d,/m/0jyfg
47435965534c5a754458733d,/m/05s2s /m/07j7r /m/026wh99 /m/083vt
4744786144713643482f673d,/m/0cdn1
47487a6164646c47307a593d,/m/02csf /m/0jjw
4752677552334d3553534d3d,/m/05hg54 /m/0180xr /m/026y56
47527634454b55384f4e6f3d,/m/01g317 /m/02csf
475a623866744f7a4368633d,/m/01g317
47647968774943686864303d,/m/044l90 /m/06rvn /m/02hnl /m/0mcqy /m/04szw /m/026t6
47687963744b49753675383d,/m/07glzq /m/02csf /m/03jm5
476d7167476832327939343d,/m/021s_r /m/04scj /m/01w53b /m/0971v /m/0kdzn
4770324451486d354e756f3d,/m/06ts_6 /m/01g317
47737a6e46634a725269303d,/m/05s2s
477939646a3842594166343d,/m/02csf
48336849446952645545553d,/m/07bsy /m/09rgp
48367656454c55656e51773d,/m/04scj /m/09b5t
48395562393959545a42343d,/m/034v6m /m/0c9ph5
48427666414c615a4149773d,/m/0jyfg
4844466942534d445275413d,/m/0pgl9 /m/09p3jz
4845427278396c764974453d,/m/01c8br /m/01g317 /m/014v7p
48464646375a2f6c7362413d,/m/0k5j
4848784751596a564835593d,/m/0jjw /m/027_ny3 /m/02csf
484b746f6c70383270376f3d,/m/01c8br /m/09p3jz /m/02mgm6 /m/0180xr
48504b4d617471787772383d,/m/01g317 /m/01c8br /m/06ts_6 /m/01d74z
4853586436616f38696c633d,/m/083p6f /m/07yv9 /m/03txxp
485574303670396b326b593d,/m/07yv9
4857454975706a506630303d,/m/0k5j /m/07txbq /m/0kpbc
48577942397a6651614e453d,/m/0dx1j /m/01g317 /m/01c8br /m/0180xr
4861346c6f495a4a5362593d,/m/04h4w /m/07j7r /m/05s2s /m/083vt
486261307241356b5941633d,/m/01c8br /m/0180xr
486632504d4263466a446f3d,/m/06z37_ /m/0jjw /m/01g317 /m/02csf
487363436a2b5a756570453d,/m/03w9fb9 /m/04scj /m/01g317
4875464c6c7439386179733d,/m/05s2s
48765741747842467452513d,/m/09rgp /m/0199g /m/03p2h9
487a6e7353686f644a79453d,/m/05s2s
4932714a6d6679537356673d,/m/0j6m2
49486a4a6a5349684d2b553d,/m/05s2s
494b545432726c4d6867553d,/m/05qdh /m/02csf
494f69644d4171452b514d3d,/m/05y4t /m/05qdh /m/015r61 /m/02csf
49534761586c47772b70413d,/m/0lyyx
495475635a534b326b4c673d,/m/07j7r
49552b494b424665714e633d,/m/01g317 /m/09j9h /m/035y33 /m/021sj1
49684b53414d344a4764493d,/m/07j7r
4969383250465362785a593d,/m/01g317 /m/039v1
496e4c37623078734f63383d,/m/0jyfg /m/017ftj
49744952544854473752343d,/m/07j7r /m/083vt
49754e43796b7a387868733d,/m/06ts_6 /m/01g317
4978553831476a37777a303d,/m/07j7r
49796179736566623558513d,/m/05v1q7 /m/04scj /m/01xxtm
4a3655416266617a30566b3d,/m/01g317
4a3774367172792f6278773d,/m/01g317
4a3938644a6263517045513d,/m/01nblt /m/01l7t2 /m/01g317 /m/0j_s4 /m/03jm5
4a4b514e416449537a43303d,/m/0gjkl
4a5046455442452f662b303d,/m/01j0mk /m/018tkd /m/01g317
4a513253535a4f466a77673d,/m/01c8br /m/01g317 /m/07vwy6 /m/0jjw
4a546b654f4641306461343d,/m/01g317
4a563463354741317778773d,/m/02csf
4a57574746396f617773493d,/m/01g317 /m/03mr6
4a597a32544574785958383d,/m/02_41 /m/0g6b5
4a5a6435373169704a2b733d,/m/07yv9
4a61344e7a43362f6350733d,/m/07vwy6 /m/01c8br /m/034wh /m/0jjw
4a61364a696e5a426350593d,/m/01g317 /m/02fbcn
4a694b3247392b436c36633d,/m/01g317 /m/0f25w9
4a6c326d7873654d51306f3d,/m/01g317 /m/025sk5n
4a6d65714a3038634c71343d,/m/07bsy /m/09rgp
4a715a43574b4a495a32633d,/m/05s2s /m/083vt
4a737041784152693571493d,/m/01z1kdw
4a766c6f703072546b4d453d,/m/01g317 /m/025s8bs /m/0vlys /m/05wrt /m/05hg54
4a787857663474334c6a303d,/m/05s2s /m/083vt
4a7a775a6e6b6b746d46673d,/m/0jyfg /m/017ftj
4b32576a4764764658496b3d,/m/083vt /m/05s2s
4b334c466d473475336a773d,/m/01g317 /m/0199g
4b4457447537782f4333413d,/m/05sxvp /m/01g317 /m/0xm0m9r /m/07yv9
4b49646e56506f55324a4d3d,/m/09ct_ /m/01g317 /m/0k5j /m/09hlfz
4b4f53656b426f725056773d,/m/05s2s /m/083vt
4b576362447951654754553d,/m/09rgp /m/0199g /m/03p2h9 /m/0_mjp
4b58704a6943666a5150343d,/m/0641k /m/09qck /m/083vt
4b6b39412b69312b31676b3d,/m/07s6nbt /m/02csf /m/01g317
4b6d4568644b5979676c303d,/m/01vxzc /m/01f43 /m/0brn2d /m/0263lr1 /m/02n7rn
4b77732f666a4e4d2b76773d,/m/0jyfg
4c2b326958676f666e56303d,/m/050gv4
4c376865637941314576553d,/m/0g6b5
4c4862664c6e4d66354a343d,/m/01xxtm
4c5041727539485559726b3d,/m/0pg52 /m/057gn /m/05zdp /m/07yv9 /m/07bsy /m/0fmnf5
4c5966414c74396a6275773d,/m/0l7_8 /m/01g317
4c657844463956365366303d,/m/01g317 /m/0g54v5d
4c6637745a6d74336b65673d,/m/0pgl9 /m/01g317 /m/06npx
4c6b65766845747a4872303d,/m/0c9ph5 /m/05s2s /m/0mcn4
4c6f3035454b5631686a343d,/m/0vlys /m/05hg54 /m/01nblt /m/026y56 /m/05wrt /m/01g317
4c773636354f30324249633d,/m/01lynh
4c79594f6333323938706f3d,/m/07j7r /m/0166ls
4d2b6c4831706a534f66553d,/m/0176mf
4d2f2f77386239704e6d383d,/m/0263lr1
4d344a43324659776751633d,/m/0cxn2
4d366c3432456e4b7638383d,/m/07j7r
4d37757650332f692b73553d,/m/0bx_y3w
4d4653746943546b4d78343d,/m/03jm5
4d46576a70696e45414c773d,/m/05wrt
4d486d71645168507078733d,/m/03q5fj /m/0jyfg /m/03q5c7 /m/04tdh
4d4949504a4b67436330343d,/m/05s2s
4d4d474a4f717461374b733d,/m/01g317 /m/06ts_6
4d4d6b6b3076362f7935673d,/m/02crq1 /m/02522
4d4f324f354b6f535a55303d,/m/0jyfg
4d534e42583235566d65633d,/m/07j7r
4d59456a4f6639396666673d,/m/013s93
4d614d5573774d4b4f486f3d,/m/07j7r /m/05s2s
4d65367255535a44766c593d,/m/03jm5 /m/05wrt
4d6a6849757859766b6d453d,/m/01g317 /m/0289j0 /m/06tn4 /m/018xm /m/01p58g /m/03bt1gh
4d6a79684a546c774952513d,/m/025sf8x
4d75706750466c712b38633d,/m/01xq0k1 /m/0jbk /m/03vcw7
4d7872704f4a5a723077303d,/m/09cjl /m/047lggt /m/015z8s /m/01g317 /m/0k5j
4d7973444169414d3148303d,/m/01g317 /m/05ws7
4e2b53466d5058697659343d,/m/0jyfg
4e2f713376425863486f6b3d,/m/0180xr /m/07j7r
4e305538357636564568453d,/m/02jxn5 /m/01jp76 /m/0k4j /m/0dnhy
4e3750356a4964484458343d,/m/0vlys /m/05wrt /m/01nblt /m/026y56
4e427979763330365650673d,/m/0pgl9 /m/08t9c_
4e4467384f6634646d32493d,/m/01g317 /m/0dx1j /m/017r8p
4e4572534d334f2f7141633d,/m/0jbk /m/068zj /m/02csf /m/0215n
4e4651375942442b304e673d,/m/01g317 /m/0jjw /m/07vwy6 /m/09qqq /m/01c8br
4e566a4565706d355a494d3d,/m/05s2s /m/07j7r /m/083vt
4e583256497537333077303d,/m/0263lr1 /m/01vxzc /m/0brn2d /m/02n7rn
4e5970725737546f3632593d,/m/07vwy6 /m/01g317 /m/0jjw
4e633944306450536c34553d,/m/05ws7 /m/01g317 /m/01t2ln
4e634b507241725a5639673d,/m/083vt
4e6369574c716e494c42303d,/m/09kjlm /m/06rrc
4e6b396d593154397769493d,/m/034wh /m/0jjw /m/09j5n /m/01g317 /m/05qdh
4e6b6c44444c524d466f383d,/m/0cgh4 /m/05wrt
4e6c68304d546c6c7552773d,/m/0cyhj_
4e6d6236376e3653582b673d,/m/01c8br /m/01g317
4e6f766b374a654f4373413d,/m/063w2
4e79674e3870714d6b32553d,/m/09b5t /m/01xxtm /m/021s_r
4f2b415563374e7448446f3d,/m/09rgp /m/03p2h9 /m/0199g
4f2f796c36374c413966493d,/m/07s6nbt /m/02csf /m/01g317
4f412f314176432f7832593d,/m/0crtnw
4f413956754a35506d6d4d3d,/m/0k5j
4f4a3377392b365542726b3d,/m/016rh7 /m/05s2s
4f685548684b3541426c593d,/m/02vx4 /m/01g317
4f6b487845376d395247553d,/m/081hv /m/01g317 /m/0c9ph5 /m/047rwq3
4f6c5134316d45473037303d,/m/03jm5 /m/038t8_ /m/0vlys /m/01nblt /m/07j7r
4f71646b712b6864414e633d,/m/0335j /m/026wh99 /m/01c8br
4f717577555568583870633d,/m/0191_7 /m/0hhdb
4f726f50686b72473963413d,/m/07yv9
4f76586779774b666357633d,/m/01sgl /m/0199g /m/01g317 /m/01c8br /m/0335j /m/02mgm6
4f7a547a49743861696e673d,/m/01g317
502f773637696f4574756f3d,/m/018dz0 /m/037vsg /m/04scj /m/0frq6
50303066484c48493578383d,/m/047lggt /m/09cjl /m/0k5j
5030414861706a786464493d,/m/0jyfg
50304f5442584a784f74493d,/m/07j7r /m/0g4fr
5034325a6f6b59717834553d,/m/07bsy /m/01g317 /m/07yv9 /m/05zdp
50343945554f794d31466f3d,/m/01nblt /m/05hg54 /m/08854 /m/037rzs
504476327075444c626f453d,/m/021s_r /m/05v1q7 /m/01xxtm /m/01hcps /m/04scj
5049794766526d4f4e70343d,/m/02n7rn /m/0263lr1 /m/01vxzc /m/0brn2d /m/03jm5 /m/0g8p9 /m/05s2s
504c65376f786462316f413d,/m/05s2s
504e70514c426e467531493d,/m/04scj
50507167497361363362413d,/m/05s2s /m/01c8br /m/09p3jz
50516e75345056434a36733d,/m/01g317
505273737a6844497971633d,/m/0k5j /m/09cjl
50545a733446336d514a303d,/m/02csf /m/06z37_ /m/01g317 /m/05qdh
50565858775542336a4c4d3d,/m/07vwy6 /m/01c8br /m/0jjw /m/01g317
5059384d706c7a6a7a6e513d,/m/07j7r
5059586f2f587253682f383d,/m/0vlys /m/07j7r /m/01nblt
50664f456a63526f677a633d,/m/012c9l /m/01yrx
50667a5272714b327142343d,/m/026wh99 /m/05zdsq /m/07j7r
506841566b45476b5955593d,/m/0jjw /m/01c8br /m/07vwy6
5068437a2f5078695661633d,/m/015z8s /m/0k5j /m/01g317 /m/09cjl
506e6645347934434867413d,/m/08t9c_ /m/01gd91
50724b4e7a71634d524e773d,/m/03bbps
50726773393741657932733d,/m/02prwx /m/01g317
5075567644596b735657733d,/m/01g317 /m/04shl0 /m/01nz0z /m/02fbcn
5076676e703571354f71303d,/m/01c8br /m/0jjw /m/07vwy6
50776a74714c6e6b73456f3d,/m/05s2s
51305a71376f4c6567336b3d,/m/03jm5 /m/06hyd /m/05wrt /m/0dx1j /m/0180xr
51373655434f71335479673d,/m/01g317 /m/0jjw /m/01c8br
514a446d55622f486777383d,/m/01d74z
514c76616d39684c7573343d,/m/07bgp /m/0jbk
515041614236736c55664d3d,/m/01g317 /m/0bl0l /m/05s2s
515531364e7066475972673d,/m/0271t
515a6f4f6e635a6f5168513d,/m/01vxzc /m/0brn2d /m/0263lr1
5164336d38396357566e513d,/m/01mzpv /m/04bcr3
516447664c666f785062343d,/m/07j7r
516930487155632f43514d3d,/m/07j7r
516a4f59503458425246493d,/m/0dkw5 /m/0c2wf
516e4d376154392b37716f3d,/m/083vt /m/05s2s
517550423779766a6d536f3d,/m/083vt /m/07j7r
5179616468783836316e773d,/m/07j7r
517a507161797049666a343d,/m/07j7r
522b413872353077764e673d,/m/026wh99 /m/05zdsq /m/083vt
523433486f714b594377633d,/m/04szw
5234596943574d5564396b3d,/m/0jjw /m/05z87 /m/05s2s /m/02cwm
52384e572f5030455532633d,/m/0h5y1j0
5239646f5a727a64334b673d,/m/06ts_6 /m/02prwx /m/01g317
525557676d5673555730773d,/m/0fg019 /m/01g317
5259374376762f34347a383d,/m/04scj /m/07pb77 /m/05v1q7 /m/05t0y8q
52597554313568313959453d,/m/07yv9 /m/0crtnw
52615568596478675254413d,/m/01g317
5262556a4f6a4d48646b593d,/m/04szw /m/0342h
52667549684357624552453d,/m/0jyfg
52695270487654346a66773d,/m/01g317 /m/03bm6
526e317865554369704b633d,/m/01g317 /m/0199g /m/09rgp
526e45657547764f7562553d,/m/07yv9 /m/01g317
52707a692b686e696837633d,/m/0199g /m/09rgp
527162464d6e57444b7a303d,/m/04dr76w /m/0118n_9r /m/01fklc
5274334e44494c51546e773d,/m/0h2r6 /m/07bsy /m/01c8br /m/02mgm6 /m/0btp2 /m/05zdp
527647475836743439646b3d,/m/01g317 /m/06ts_6
52766c4954615a594a75553d,/m/07j7r /m/03ljvf
527945656e6370596564593d,/m/09qqq /m/07vwy6 /m/0jjw
52794d51623557384f6d673d,/m/01x3z
532b7a6d66567850495a6b3d,/m/083vt /m/05s2s
533948526f6e63497577773d,/m/06m11 /m/05s2s
534556644265353747376f3d,/m/02sgy /m/0342h /m/04szw
53463344324343554d64383d,/m/03v3yw
53535138555077693670633d,/m/0jtt9
53584f7267427738326e513d,/m/0k1tl
535a68454376346b4142673d,/m/03jm5 /m/05wrt /m/01nblt
53616b666f497a4f7761343d,/m/05s2s
536230574b4e3644417a633d,/m/083vt /m/03ljvf /m/05s2s
5363713839524f544866453d,/m/05s2s
5378467a2f4f76773975673d,/m/0hhdb /m/01g317 /m/025s8bs /m/06ts_6
5433574c314c70653575773d,/m/08t9c_ /m/01gd91
5445786a50793538444c673d,/m/03p2h9 /m/0199g /m/01g317 /m/09rgp /m/0_mjp
544a4f72375059423630633d,/m/0frq6 /m/04scj
544a685a632f4b734150383d,/m/05s2s
544f3178594968383141453d,/m/01g317
5451773461536a595a4b453d,/m/02wbm
54665665333432686d61593d,/m/0199g /m/03p2h9 /m/0_mjp /m/09rgp
546c4c70383754444c61553d,/m/07z2l /m/04scj /m/05v1q7 /m/04fyb1 /m/0frq6
546c63516d4b646a7558673d,/m/0jyfg
546e31365a454c39762f413d,/m/018w8 /m/01g317
546e486b6e4f61624336383d,/m/05s2s /m/083vt /m/049_3v
547274544e314c496570493d,/m/0jyfg
5532384b725a33643836343d,/m/06npx
5533713770574a536575383d,/m/0bt_c3 /m/016vv0
55366854692b63746a55453d,/m/01g317 /m/01c8br /m/0180xr
555476395a3767507064383d,/m/01g317 /m/0cvq3 /m/07yv9
55556271635958616931383d,/m/01g317 /m/09jwl /m/03qtwd
55576f7a764d76344c32593d,/m/0jyfg /m/01g317
555a367354497439574e453d,/m/07jb1c /m/01d74z /m/033rq4 /m/01g317
556341647a6c63335a56773d,/m/05sxvp /m/0crtnw /m/07yv9
556a4633695971595632343d,/m/04szw /m/0342h
557078574f3875576838593d,/m/07yv9 /m/04_sv
55735a2b7863446f3871673d,/m/01g317 /m/01c8br /m/01bjv /m/05zdp /m/07bsy
557731424f7759366552493d,/m/04scj /m/0gl3jh5 /m/0f25w9
55775033354f6c494364303d,/m/01hcps /m/0frq6 /m/05v1q7 /m/04scj
56304731664a4c4355326f3d,/m/0dx1j /m/01nblt /m/0180xr /m/01lwf0
56397a4e627731546d54593d,/m/01g317 /m/018w8
564a506e633479515632413d,/m/09jwl /m/01g317
56516841626431355678633d,/m/01yrx
56534c7164584f746c61383d,/m/0dnhy /m/01g317 /m/01c8br /m/09p3jz /m/02mgm6
56584751455a6a626c6d593d,/m/04szw /m/05r5c
565a4a786d48654a6d65733d,/m/0pgl9 /m/051rmm /m/01g317 /m/02qd_7
565a69785131776244356f3d,/m/01g317 /m/05s2s /m/083vt
56614f626c6a7941542b413d,/m/039jbq /m/0vlys /m/079cl /m/05wrt
566156412f3744396654513d,/m/018w8 /m/01g317
566950355a2f353836356b3d,/m/01s56h /m/06rrc
5673333053726f424e4d383d,/m/07yv9 /m/01g317
573056344436723848464d3d,/m/05wrt
5730674b5067716842356b3d,/m/05s2s
573752587a636947734a633d,/m/0199g /m/01g317
57376f544c48454f304b453d,/m/0dv5r
574744686d4b43737856303d,/m/013_1c
574a726870436a663149383d,/m/06qqb /m/01g317
574e635454534d497034493d,/m/01lynh
5750413376454a685375453d,/m/042v_gx /m/04szw
57504f69534764416d6b733d,/m/01g317 /m/05zdp /m/07bsy
57534a794d6c59773965303d,/m/0_ch6
5757422f6751566b4836493d,/m/0g6b5
5758517441796856654a553d,/m/0mfnf
57616b725870384f6c4f6f3d,/m/01n32 /m/01g317 /m/01c8br /m/0dnhy
57634b6d5253664e764d453d,/m/04tdh
5765616d77396c546631493d,/m/05s2s /m/083vt
576c5961576c76613474633d,/m/05s2s /m/083vt
57705179376a2f677752303d,/m/0jyfg /m/017ftj
57715330495432736175673d,/m/07j7r
57793961335a4d624e786f3d,/m/01r546
58424f39514b42566a78513d,/m/04_sv /m/05zdp /m/07bsy /m/01g317
58426850624b6f50457a733d,/m/0342h /m/04szw
5844624153594d75346c553d,/m/07yv9 /m/0dmq2
58484830774350713465673d,/m/05qdh /m/0jjw /m/02csf
584a6f4338624b446b69673d,/m/01c8br /m/026wh99 /m/0180xr
58506472425074345036593d,/m/05s2s
585467514d51742b7670733d,/m/01mzpv
58584f4469564f6f4d44493d,/m/0263lr1 /m/0g8p9
58596261347859795149343d,/m/034wh /m/0jjw /m/01c8br /m/07vwy6
58624a4c304f337a6c49493d,/m/0jyfg /m/01g317
58626d6b54386e5131726b3d,/m/0263lr1 /m/01f43 /m/0brn2d /m/02n7rn
586971754b2f4530694c6b3d,/m/0lqk /m/04qgp /m/01g317
586f5961464154413345303d,/m/05s2s
58726f654e64416a3766513d,/m/07yv9 /m/01g317
5875524351344f52616a4d3d,/m/05wrt
592f4c76674667416245413d,/m/01g317 /m/0199g
5933712f7a5268716b324d3d,/m/015x4r
59366267706277524852773d,/m/05s2s
593666474c4a41726b41343d,/m/02csf
59467350484e665935644d3d,/m/05fb3q6 /m/0bmz2
594838775a5765396163673d,/m/07j7r /m/09qqq
594961362f32426b474b513d,/m/07j7r
594a506c6a6a59337356383d,/m/01g317 /m/07j7r
594b3859386e514566444d3d,/m/05s2s
594b433151677955762f773d,/m/0kpbc /m/0k5j
594c79757338552b7a6e303d,/m/01g317 /m/01cbzq
594d6b78333745702f34593d,/m/04szw
594e4832725859787561633d,/m/0199g
5953444b6b6478395642633d,/m/03xnm0
5954447a32745958354b303d,/m/017ftj /m/0jyfg
595a4d5446616232644c593d,/m/0g8p9 /m/0263lr1
595a70576f4f7556486e6f3d,/m/0271t /m/01g317
59644937456e62796955493d,/m/05wrt
59705379623736556a56453d,/m/0199g /m/09rgp /m/03p2h9
597836545a39666d315a343d,/m/01v327 /m/01g317 /m/08t9c_
597a67436d3959344a63513d,/m/0329yh /m/018w8
5a2b53506b59676d3349453d,/m/0342h /m/04szw /m/042v_gx
5a3357763955566b6a35383d,/m/01g317 /m/035y33 /m/08q1xp
5a4b73552f61534f6f79303d,/m/01g317 /m/01c8br /m/05hg54 /m/07vwy6 /m/0jjw
5a4e354835722f2f4876493d,/m/01g317 /m/0zvk5
5a5152623362686d6277343d,/m/04f76q7 /m/0crtnw /m/07yv9 /m/05sxvp
5a526c376b6b42456a32453d,/m/025dq0 /m/06fvc /m/01g5v
5a6157317a6e47443159553d,/m/05wrt
5a692f644779466e68446f3d,/m/05zdp /m/07bsy
5a69463151374f6e3631343d,/m/05s2s
5a71416e54573770382f453d,/m/0l7_8 /m/04tdh
613244545a7a65644c4f4d3d,/m/0180xr /m/01g317 /m/01c8br
61365066706b50787148343d,/m/02csf /m/01g317
61374e4475723069557a453d,/m/01g317
61394c6f2b4857433731773d,/m/01g317 /m/09jwl
6141613931656a556c73453d,/m/0jyfg
614435734c4a544b354b773d,/m/05s2s
61466441653459434931513d,/m/0199g /m/01d74z
61474b434c5a36323138733d,/m/05zdp /m/07bsy
61516337534b51764a356b3d,/m/05s2s
61536c6a7a5474755579513d,/m/07yv9
61577361617a49774b4a493d,/m/07jb1c /m/01d74z /m/033rq4 /m/0k5j
61614d78337151376c766f3d,/m/04szw
61756a656b4f35524530773d,/m/034wh /m/07vwy6 /m/0jjw /m/04rd7 /m/05qdh /m/01c8br
6177312f37533351562b303d,/m/02csf /m/01g317
61782f674b726a6b64354d3d,/m/01g317 /m/03jm5 /m/05wrt
617a347a5736795069794d3d,/m/0brn2d /m/02n7rn /m/0263lr1 /m/0ckljz
622b39466f6e6f3047566f3d,/m/0vlys /m/0k5j
622b6835626d37544c65513d,/m/06ts_6 /m/01g317
622f2b54686f37647739633d,/m/01g317
62306674515854674a47673d,/m/083vt /m/0fm3zh /m/05s2s /m/03fp41
623173364c7348564b31493d,/m/045jsc /m/07bsy /m/02k_k3t /m/05zdp /m/02jl78
623235425a6633486145453d,/m/021w6f /m/01g317 /m/0l7_8
623244593132526f4850413d,/m/02vx4 /m/01g317
62456163396466374468413d,/m/046glt
6246515958654c3753624d3d,/m/05s2s
624777314345682f664e553d,/m/01g317
62477a514c4b5078744f633d,/m/01g317 /m/01nz0z
62486f38413342457a76453d,/m/06ts_6 /m/01g317
62504b546d3077526646633d,/m/0k5j
625830477a6a39335475553d,/m/0jjw /m/034wh /m/01g317 /m/07vwy6
62616e6271314674574c593d,/m/039v1 /m/01g317 /m/09jwl /m/05229
62617754374578684d45453d,/m/0180xr
626736614d573638706f773d,/m/025s8bs /m/0hhdb /m/01g317
626c794172642b396142673d,/m/07j7r
626e2b57344172464367413d,/m/05s2s
62724b64623432494b50673d,/m/05zdp /m/07bsy
632b3163543132615074343d,/m/0jjw /m/07vwy6 /m/034wh /m/09qqq
632b7449504771432b6b453d,/m/03jm5 /m/05wrt /m/06hyd
63424f32615631752b33383d,/m/01g317 /m/0gm3m /m/05wy2
634444306c626664692b343d,/m/01c8br /m/0180xr
63484c65323854337136383d,/m/01y9k5 /m/035y33 /m/01g317
634a364d346b78556943413d,/m/07j7r /m/0166ls /m/05zdsq /m/026wh99 /m/0m0gc
634a79456457386e4732343d,/m/05s2s
634d4a7344536b634e38343d,/m/06ts_6 /m/01g317 /m/020fb2
635266733170414150724d3d,/m/01c8br /m/0jjw /m/07vwy6 /m/034wh
63544d43564631454c30383d,/m/03jm5 /m/01g317 /m/05hg54 /m/0vlys /m/01nblt
63564f4f2b7158723676493d,/m/09p3jz /m/07j7r
636a436a3678373446616b3d,/m/0335j /m/07bsy /m/01c8br
63706743737543787531453d,/m/0jyfg
63734e4a634944494931633d,/m/09j2d /m/01g317
637668656d782b6979736b3d,/m/0191_7 /m/06ts_6 /m/01g317 /m/0m9cj
642b453738366e6a6d39383d,/m/01g317 /m/07yv9
64327462397268486575413d,/m/05s2s /m/07j7r /m/083vt
64492f6e34786165634b493d,/m/035y33 /m/01g317
644b704b615631647130413d,/m/07yv9
644e443668634b347374343d,/m/01g317 /m/06ts_6
64504f57656636432f4b6b3d,/m/01g317 /m/039v1
6452444e592f51767041383d,/m/07j7r
64544e4a346857482f47673d,/m/01g317 /m/04scj
646230484e4758466832633d,/m/01g317
6464726f795a63657971383d,/m/0k5j
6469464a4b6e7a42624d453d,/m/015y8h /m/0k5j /m/02yjc /m/01g317
646b7a476655336f6d6d773d,/m/01yrx
646c6b534d4770696b39673d,/m/09gg3
646e4e44526e65516f37383d,/m/0263lr1
646e7235777858476c484d3d,/m/0b_rs /m/0l7_8
64752b642b6e7063316b413d,/m/01fklc /m/06qqb /m/01zfyk
6476436677455647555a493d,/m/05s2s
652f62634f5879416362303d,/m/09rgp /m/0199g /m/03p2h9
6531544b4b6953596255383d,/m/03p2h9 /m/0199g
6537543638706d55426c303d,/m/01g317 /m/0gl2ny2 /m/06wtgq
65414557526d504242304d3d,/m/05s2s
6542655148774d647677593d,/m/01g317 /m/0176mf
6544773735567645444d6b3d,/m/01g317 /m/0jjw /m/034wh
654b75547a6248446378733d,/m/04scj /m/0971v
654c4430394261687a34673d,/m/07j7r
654d62415844794730476f3d,/m/01yrx /m/0hjzp /m/0l7_8
6553354b614349684970493d,/m/01c8br /m/0k4j /m/0335j /m/01g317
65544438577637596173303d,/m/0jyfg
6555683350613351546e453d,/m/07j7r /m/06gfj
655a386c6169745274734d3d,/m/07j7r
655a695268676875505a733d,/m/01g317
65657832307441694865383d,/m/01g317 /m/013_1c
656a53624e2f6b2b6f62343d,/m/01g317 /m/07yv9
65785a4c556443474735593d,/m/01g317 /m/06y_bg /m/0pgl9
662f4d574541494e345a303d,/m/083mg /m/01g317 /m/07j7r
6630434e776a656a4a75513d,/m/083vt /m/07j7r /m/05s2s
6632584a6848336b577a513d,/m/01g317 /m/01lynh
66394a43666f496d384a343d,/m/018w8 /m/06ntj /m/01g317 /m/018xm
66397143494a43684238553d,/m/0fszt /m/081hv
66417857774a4b676e76453d,/m/04szw /m/0342h
6644626a4f5863355932553d,/m/01g317 /m/06z37_
66466932666f48614564493d,/m/0l7_8 /m/07bsy
6649613763494b302b50343d,/m/083vt /m/05s2s
664c76622f664e327141733d,/m/0jyfg
66514b71366271565846593d,/m/09jwl /m/01g317
66587a4f527a35794b41303d,/m/04szw /m/057cc
665a6842527565496c31383d,/m/07j7r
666531593370674c474c513d,/m/0jyfg
666f734655645267784d303d,/m/05wrt
66794c524f6371587066453d,/m/01hcps /m/05v1q7 /m/01g317 /m/0frq6 /m/04scj
672b51584d39414a4965633d,/m/0k1tl
6738464d3775424d4a39413d,/m/02csf /m/07j7r
67393148763365315173773d,/m/045jsc /m/07bsy /m/05zdp /m/01g317
6744656c48304e6f78316b3d,/m/01hcps /m/05t0y8q /m/04scj /m/05v1q7
674f6137354c2b32486a513d,/m/05wrt
675235314d3142595553733d,/m/07j7r /m/01g317
67612f44723968386d7a733d,/m/0jbk /m/02csf /m/07glzq
67676668664a56786252593d,/m/0199g
676f64352b6b772b414a553d,/m/02sgy /m/04szw /m/02qjv /m/0342h
677042576d4c467a7967733d,/m/05hg54 /m/03nfmq /m/05wrt /m/03rnh
682f7433334662746447453d,/m/0jjw /m/07vwy6
68316773635a517371696b3d,/m/07j7r
68324972586748466468303d,/m/05s2s /m/0dlk0vw /m/0fpjlj9
68424368363136626269633d,/m/0263lr1
68434764345a42706e306f3d,/m/02sgy /m/04szw /m/018vs
684469376b65316b5163673d,/m/05s2s /m/083vt
68466e3847766a396462593d,/m/0215n /m/02csf /m/096mb
684f51586d6833645153673d,/m/051rmm /m/07jb1c /m/01d74z /m/04_xn /m/02qd_7
68536b4f624e7a574734773d,/m/02crq1
685679335a54505a6e31773d,/m/01n5jq /m/01g317 /m/04k84 /m/06d_3
6863397a6c3559686231673d,/m/07j7r
68647338377a33584c36773d,/m/05s2s /m/083vt /m/07j7r /m/0d4v4
68666b79337842717375773d,/m/02t2zd /m/06ts_6 /m/01g317
686776435a58756357474d3d,/m/083vt
686a70566b7574476553383d,/m/09w9qp /m/0838f
6934376a735157724646453d,/m/02crq1
69397741457433744574383d,/m/0215n /m/05b97g
694448693064316c6f49513d,/m/09rgp /m/0199g
69445252437474483452733d,/m/09q2t /m/04bcr3 /m/0jyfg /m/02_vjy
694a6b4e64587052614e773d,/m/0180xr /m/03nfmq
694d58716f6b542b6650413d,/m/01g317 /m/07j7r
6951346a2f2f612f3565773d,/m/0dnkv /m/06ts_6 /m/01g317
69514a42353130674676773d,/m/01g317 /m/06ts_6
69535437436e50524561773d,/m/04lzmz /m/04t7l
69562b756639582f4d58493d,/m/01d74z /m/09cjl
6958657043317a697477343d,/m/0180xr /m/07j7r /m/033rq4
695877652b6554794d2b453d,/m/083vt /m/05s2s
6959742b51396d482b4b513d,/m/01g317 /m/02csf
696152786a772b68372f4d3d,/m/034wh /m/0jjw /m/01g317 /m/01c8br /m/07vwy6
69615537517859586570343d,/m/0jjw /m/015r61 /m/01g317 /m/02csf /m/05qdh
69634f3349463777384f343d,/m/01g317 /m/0pgl9
69674c733136456c3572513d,/m/03fp41
696e786c634f70707835413d,/m/07bsy /m/05zdp /m/01g317
697245504b7269674d6d633d,/m/0jjw /m/034wh /m/07vwy6 /m/01c8br
6974435664516d3751534d3d,/m/05qdh /m/02csf
69786a75517752612f33513d,/m/01c8br /m/07j7r
6a357259676a52374141633d,/m/035y33 /m/01g317
6a385a63667a71583169493d,/m/03lnq3 /m/0269r2s
6a3932466e5279306c4d733d,/m/011yvr /m/0brn2d /m/07j7r /m/01vxzc /m/0263lr1
6a39326b6a4a6f546d62593d,/m/01g317 /m/03jm5 /m/0cz_0 /m/01c8br /m/0180xr
6a414d775a3473626f32303d,/m/07yv9 /m/0dmq2
6a45326652447273646b303d,/m/06hyd /m/03jm5 /m/05wrt
6a4877702b362b70797a513d,/m/05s2s
6a4950625a735a774f66633d,/m/09rgp /m/0199g /m/03p2h9 /m/01g317
6a4c514f4a50694d46706b3d,/m/02500f /m/017r8p /m/01g317
6a4f4d4132595257616e773d,/m/0dx1j /m/01g317 /m/01c8br /m/017r8p /m/09p3jz
6a554e4336366c622b47773d,/m/018w8
6a576c586c6745445539513d,/m/05wrt
6a5a452b2f5473706651493d,/m/01g317 /m/099md /m/01h6rj
6a674859637448476936593d,/m/0199g
6a6a456c594d33507737593d,/m/039jbq
6a6e6750302f657566654d3d,/m/0vlys /m/01g317 /m/0dx1j /m/01nblt /m/03pty
6a706a624d5555717075593d,/m/0199g /m/09rgp /m/01g317
6a724b37425853385545553d,/m/083vt /m/05s2s /m/07j7r
6a747655587343506d75493d,/m/07yv9 /m/01cmcs
6a77584c50594c373176493d,/m/01g317 /m/03bm6
6b3563423853654f4c486f3d,/m/03p2h9 /m/0199g /m/07yv9
6b39694d4255703956526f3d,/m/0369ss /m/07j7r /m/03txxp
6b436e36575133547a75633d,/m/047lggt /m/09cjl /m/015z8s /m/0k5j /m/01g317
6b492f39786867465070733d,/m/01yrx
6b5052307a756548596e343d,/m/02w11w8 /m/05zdp /m/01g317 /m/07bsy
6b545a622f6855305435413d,/m/0kpbc /m/07txbq /m/0k5j
6b5a33524530376b2b43773d,/m/09jwl /m/01g317
6b636c4845346a69334f383d,/m/01g317 /m/01c8br /m/07j7r /m/0335j
6b685456534235516b51513d,/m/05zdp /m/0py27 /m/0195fx /m/022pgh /m/07bsy
6b7930394b59383045616f3d,/m/01nblt /m/0vlys /m/05wrt
6b7a646973616f6b6e2b493d,/m/01yrx
6c30453369637059536b4d3d,/m/01nblt /m/03jm5 /m/03nfmq /m/05wrt
6c424e514d784f596c46633d,/m/04szw
6c4a4147754570397352633d,/m/01g317 /m/07j7r /m/05wrt
6c4c6f7a684759687063673d,/m/0jbk /m/03vd46
6c5564756c5736397555493d,/m/01g317
6c61304f497253303751493d,/m/05s2s /m/049_3v /m/01g317
6c634c62346d48443759513d,/m/04szw /m/018j2
6c646c4945346f526e69383d,/m/0180xr /m/01g317 /m/01nblt
6c6653625a367a7278734d3d,/m/01c8br /m/0jjw /m/01g317 /m/07vwy6
6c6a6f7a65696c356c416b3d,/m/05s2s /m/07j7r /m/03ljvf
6c6c5844447243426741633d,/m/083vt
6c6d4272395644777645773d,/m/0k5j /m/018rqw
6c764f44574475705457673d,/m/01g317 /m/0199g
6c79506b714e53496b50673d,/m/01g317 /m/07bsy /m/04_sv
6d3730564d6972737732773d,/m/05s2s /m/0vlys /m/01nblt /m/083vt
6d373732467036446d356f3d,/m/0dnhy /m/01g317 /m/017r8p /m/01c8br
6d426b504e6c63325069413d,/m/01c8br /m/07j7r /m/083vt
6d446b775062324c6e436b3d,/m/0l14j_ /m/04szw
6d4d5738332f33636775513d,/m/08t9c_ /m/0pvlz /m/03hh2k /m/01xq0k1 /m/01gd91
6d536b45523352483263773d,/m/07yv9 /m/0215_s /m/0k4j
6d5674316e744c6d3276553d,/m/02csf
6d577363684c69326156513d,/m/09bgkl /m/01g317
6d6335364e56654a58486b3d,/m/08t9c_ /m/0263lr1
6d6c585361354e795965633d,/m/07glzq /m/01g317 /m/02csf
6d6e50754835396c7a58303d,/m/01g317
6d70412b666570316377493d,/m/01dwwc /m/05qdh /m/02csf
6d79674c6b784d666b30773d,/m/01g317 /m/09jwl
6e2b7549686b31442b72343d,/m/05zdp /m/01g317 /m/07bsy
6e3338686f6650623369343d,/m/020vl /m/02hlnc /m/0cxn2 /m/0h1bv8c
6e4774557a435658752f493d,/m/035y33 /m/0643t /m/01g317
6e4a2f334f2b6a6d4c6b383d,/m/01dl3j /m/01q7l
6e4b5062425971494a79303d,/m/01g317 /m/01c8br /m/02jxn5 /m/0180xr /m/0539n0 /m/0cfzkp
6e4b764b327653336738303d,/m/09rgp /m/0199g /m/01c8br /m/01g317 /m/03hr1p /m/06gfj
6e4c5a747a2b72335062343d,/m/0hr1s_w
6e4e6c76647657666162733d,/m/01t2ln /m/05ws7 /m/01g317
6e546967755755534a4d673d,/m/07j7r
6e58764b307465675037453d,/m/0199g /m/09rgp
6e635641714e324661496b3d,/m/0l7_8 /m/01g317
6e636d4474785a4967506b3d,/m/0k8hs /m/023kp2 /m/02rcwpb /m/01yrx
6e65544153636a437a764d3d,/m/0403lcy /m/0jyfg
6e6c762b436b46647754593d,/m/02dx0 /m/06ts_6 /m/01g317
6e71486379636c553549343d,/m/0gl2ny2 /m/01g317
6e74466c586678305558553d,/m/0583c6 /m/07j7r /m/02v7zy /m/0692dn
6e74794a466372314752733d,/m/0jyfg
6e75674e386357442b68553d,/m/0f4s2w
6f31432f6b5559705873553d,/m/01g317 /m/0199g /m/03hr1p /m/01c8br /m/09rgp
6f316f6c562b67372f444d3d,/m/08854 /m/09sdbh
6f34435a483463556c4e383d,/m/01g317 /m/0_mjp /m/03p2h9 /m/0199g
6f3776587745666f414b493d,/m/05wrt /m/03nfmq
6f385a496b50364f3752303d,/m/07j7r /m/03ljvf
6f4a7359356f46485130453d,/m/015y8h /m/0k5j
6f4b56446c4347616343383d,/m/05s2s
6f4d434a76484f4c492f593d,/m/09759
6f4d516d435a4d6f3476343d,/m/0hl6y /m/05s2s
6f4d674a4c6776474c71673d,/m/09rgp /m/0199g
6f526175696d4e5a736c773d,/m/01d2_z /m/03m9d0z /m/07l5g
6f53394244396a644e38413d,/m/02csf /m/012ndj
6f554b37584a766a5859733d,/m/07yv9 /m/01g317
6f676b75536661575746453d,/m/03q5fj
6f6847727473502f4348493d,/m/05s2s
6f684b59366448697765413d,/m/01g317
6f72492b322b4d444837633d,/m/05s2s
6f726a454571543673366b3d,/m/05wrt
6f79436a78774143627a773d,/m/0180xr /m/09x3lm /m/0gm3m /m/05wy2 /m/01c8br
70315a53656e73516d6c513d,/m/01515d /m/0k5j
70377776566b79474376413d,/m/0_mjp /m/01g317 /m/0199g /m/09rgp
7039324558674563516d633d,/m/0dnhy /m/01c8br /m/07j7r
7039327653304c325047553d,/m/01mwkf /m/083jv /m/019sc
7039506a544643555677633d,/m/05s2s /m/037tzr
70427846796845657072493d,/m/02csf /m/01g317
70495964703757617047553d,/m/0cmx8
704b654756545a5a352f733d,/m/01g317 /m/06ts_6
704f446c475264526a7a4d3d,/m/03ldnb /m/03gfsp /m/02x984l
70516b5871472f69506c4d3d,/m/07j7r
705262745038456f5a576b3d,/m/07bsy /m/0cb0xm /m/01g317
705471644d31384c4445493d,/m/03jm5 /m/05wrt
7055755359466d7150726b3d,/m/07bsy /m/09g5pq /m/05zdp /m/01g317
7066762b574668776b44303d,/m/0p833 /m/01g317
7069637771756c2f3847493d,/m/099fz
706c46354d464b3331626f3d,/m/07j7r
706d4241574235526e486f3d,/m/04rlf /m/02hnl /m/04szw
7074704455474c6a716b733d,/m/015qff /m/07yv9 /m/01g317
712b3250666279736656413d,/m/06ts_6 /m/01g317
7137727442774f576f71673d,/m/05s2s /m/083vt
7139534e444536554234513d,/m/019sc /m/012c9l /m/083jv /m/01yrx
71456b49686e4f6a344a383d,/m/0bqzm_ /m/0fpjlj9 /m/05s2s /m/0dlk0vw
714642526b7653357a4c6b3d,/m/01gd91 /m/01c7cq /m/08t9c_
71486376664e67524b39513d,/m/07j7r /m/05wrt
714e7446514642456f54593d,/m/0qjjc
7151534b4d4b4f4c5344733d,/m/05wrt /m/01l0mw /m/0180xr
7155565671704c427949633d,/m/04szw /m/01g317
71592b594b425546624f303d,/m/05s2s /m/09t49
71635656536534384354553d,/m/0gqbt
7166644b537773523652383d,/m/01lwf0 /m/0180xr
716a5742656e59335051773d,/m/03r1s9
716b394e574c50376873413d,/m/01g317
716d6565416d6d4a6141773d,/m/02csf /m/01g317 /m/07glzq
717233414635546f4579673d,/m/04scj
71744c645270563876466b3d,/m/01g317 /m/018w8
717a6e54396358537a38343d,/m/01g317 /m/04szw /m/02sgy
72323069456e6b782b70633d,/m/09qqq /m/05wrt
7232677865424a354a41593d,/m/01f4td /m/0brn2d /m/0g8p9 /m/0263lr1
7238755a4c4f3948474b553d,/m/07yv9 /m/01g317
72455170564633536453343d,/m/01g317 /m/02c3nd /m/0gl2ny2
72466e37635655483463413d,/m/05s2s
724845376c6f4556504c343d,/m/0jyfg /m/017ftj
724a626966394c473241453d,/m/05s2s /m/09t49
724b3861663550615739553d,/m/01g317 /m/07j7r /m/083vt
724c4b466a7454473170733d,/m/026wh99 /m/0djtd /m/07j7r
724f414a376f4d2b726c493d,/m/07j7r
72537246434a4e386735453d,/m/017ftj /m/0jyfg
72574437765a2b537554493d,/m/07j7r
72574757372b4749684d6f3d,/m/07j7r
726f5674684971474736413d,/m/06gfj /m/0k4j /m/01g317 /m/034z7h /m/0vlys /m/0204fg /m/07bsy /m/01l7t2
72734436664562457253593d,/m/01g317 /m/01knjb
727a546f62432b443042513d,/m/01g317 /m/0gl2ny2
7331494f4d7536743154773d,/m/0199g
73354a733441526a70684d3d,/m/01xsb3 /m/01bjv /m/0crtnw /m/05zdp /m/07bsy /m/01g317
7338417558455a417968383d,/m/01g317 /m/0crjs
73387171507a4f515858553d,/m/05zdp /m/07bsy /m/07j7r
73396c7842656e4f644e303d,/m/0138tl /m/01g317
7341655374435864766d453d,/m/07j7r /m/05s2s /m/083vt
734c6b78624c39337a63303d,/m/0jjw /m/01g317 /m/07vwy6
734d685035632b5a45356b3d,/m/05sxvp /m/07yv9
73506a39762b5a39776d593d,/m/05wrt /m/03pty
7351586b625a52714864593d,/m/04scj /m/0frq6 /m/01xxtm
73545a5a536a556b5737303d,/m/026w19n /m/07yv9
7357437563424b617a42343d,/m/07vwy6 /m/0jjw
736271624e685234574a383d,/m/05s2s
7366362f365a4152324e383d,/m/0jjw /m/07vwy6
736b564d706a48593257733d,/m/05s2s
736e4f3852557053626e343d,/m/01g317
736f303344522b493158493d,/m/01g317
73726a574773794b4d356b3d,/m/0jjw
737447444669374a7463383d,/m/01g317
737561632b674d6f7a4a593d,/m/05s2s /m/06cd7
74315436626746635776303d,/m/02csf
7432576d65424939426a383d,/m/0kmg4 /m/0jyfg
74396f35395169706539453d,/m/0fm3zh /m/05s2s
74453048326867566c38343d,/m/0jjw
744678456a5736676c6e593d,/m/0dzct /m/02csf
744a552b583066446c4a593d,/m/020m7t /m/03bt1gh /m/01g317 /m/018xm
744b735331414964395a343d,/m/05s2s /m/083vt
744f44426f4d62476b66493d,/m/05v1q7 /m/0971v /m/07s11x /m/04scj /m/018dz0
74612b443253474272416f3d,/m/0jyfg
746553496b6c33693754773d,/m/0342h /m/018vs /m/02sgy /m/04szw
746879332b75344f6933343d,/m/018w8 /m/01g317
7469465462474a2b5366593d,/m/0b9k6q /m/04scj /m/0frq6 /m/0g4q3r
746d6e734b66397269594d3d,/m/0180xr
74704a7638757475582f633d,/m/0199g
752f56626f31596d5959383d,/m/0263lr1 /m/06gfj /m/0cz_0 /m/07j7r
75333679784e2b42346e303d,/m/06z37_ /m/02csf
754c4467694630717a67593d,/m/07bsy /m/0pg52 /m/05sxvp /m/05zdp
755333687757324a4675513d,/m/05s2s
755438505347683249584d3d,/m/01d74z
75616a6f62754a377063633d,/m/01g317 /m/02jwqh /m/0pgl9 /m/026wh99
75654a52786e44756d50383d,/m/04qgp /m/02fbcn /m/01g317 /m/082bv
756a5971783662683757673d,/m/09cjl
756c2b705138726b5178493d,/m/0bl0l /m/08t9c_ /m/01v327 /m/01g317
756d6c57543759644e43633d,/m/02cwm
7571596f44524e534d76553d,/m/01yrx
75736d6c396965456532413d,/m/01m2v /m/01g317 /m/035y33 /m/044_87 /m/0dvvc
75744f76446b56717372733d,/m/0hnnb
757537685364793066664d3d,/m/0199g /m/09p3jz /m/01c8br
75754451715369734764633d,/m/0jyfg
75763036517832384662513d,/m/083vt
75784159674748533749633d,/m/0180xr /m/01lwf0 /m/0dx1j /m/01g317
763064374d31306e6b52673d,/m/0jyfg
76366f7833414f385463343d,/m/0jjw /m/07vwy6
7642336c354b434a645a453d,/m/01g317 /m/03xnm0
764d682f6d64317952526b3d,/m/083vt /m/07j7r /m/05s2s
764e4c5531786f616c47303d,/m/026y56 /m/0vlys /m/079cl /m/05wrt
7657515a78494d363845733d,/m/0263lr1 /m/0brn2d /m/0ckljz /m/02n7rn
765a684633724a4b5130303d,/m/01www
76653876703337722b476f3d,/m/01g317 /m/06ts_6 /m/01jpn4
7666555a66375661592b383d,/m/025s3q0 /m/038hg /m/07j7r
767269416d4578752b64773d,/m/018vs /m/0342h /m/04szw
7679474d587754494554673d,/m/0gl2ny2 /m/01g317
773266434e4c55463657303d,/m/01g317 /m/05zdp /m/02w11w8 /m/07bsy /m/01bjv
774448764e6f51556a74383d,/m/03vt0
7748726d763938706e614d3d,/m/0199g
7756366561657949584c303d,/m/083vt /m/03ljvf
776a707334632b6c4535633d,/m/0199g
776c79714f317a563343303d,/m/09_rtk /m/0ck43n
7778372f707742577559553d,/m/07j7r
77787332434378756457633d,/m/07j7r
77795935394b55694935553d,/m/09qqq /m/01c8br /m/07vwy6 /m/0jjw
782f52616c4969394f61673d,/m/0pgl9 /m/0vlys /m/0335j
78306a5630474d41344d553d,/m/07j7r
7833786d4d77454b3369493d,/m/05s2s /m/0fm3zh
783836642b7744756978553d,/m/0cxn2 /m/06ts_6 /m/01g317
78435868454c51397742553d,/m/07y04d /m/02yhp1 /m/05f9npt /m/05s2s
7848466c5a3039356352513d,/m/07glzq /m/02csf
784c794637656c393671593d,/m/0cpk7
784d667a45774d6957734d3d,/m/01lwf0 /m/0180xr
78506144307232597a366b3d,/m/0199g /m/03p2h9 /m/0_mjp /m/01g317 /m/09rgp
785a6f35524849686331453d,/m/0180xr /m/05wrt
78686857494b72614e78493d,/m/07bsy /m/05zdp /m/0cb0xm /m/01g317
786f6e7a346165354e62593d,/m/026wh99 /m/07j7r /m/0djtd
78702f7733637a6e6a53343d,/m/09jwl /m/04szw /m/04rlf /m/01g317
787647364579365773366f3d,/m/05wrt /m/01g317
78794b75456e434b582b343d,/m/07bsy /m/0swpk6b
7930385472594c4d3358493d,/m/08t9c_ /m/07j7r
79306e376b6156355146733d,/m/07jdr
7931626c327737586944593d,/m/05s2s
79334c2f2f4137736272553d,/m/07j7r /m/0180xr
79336662754a62754d726b3d,/m/05s2s /m/0mcn4 /m/083vt
79364638686a49795854633d,/m/02w3_2
793839596c3335566741453d,/m/05s2s
79477054316a374a5776413d,/m/05s2s
794970384d4750425a69773d,/m/09p3jz /m/01c8br
794e4758466575563077493d,/m/0frq6 /m/0971v /m/04scj
795166444d7a3373546a413d,/m/01g317 /m/0199g
7957694c4c367675584b513d,/m/05zdp /m/01g317 /m/015qff /m/07bsy
795831386c5a6b644e6d6b3d,/m/07j7r /m/03ljvf
79614e6d744f49337145453d,/m/0kpbc /m/03z1rt /m/0k5j /m/01g317 /m/0j_5b /m/07txbq
796b2f726d5469375344303d,/m/01jpn4 /m/0dnkv /m/0crjs /m/06ts_6 /m/01g317
79796d4c41706736316e4d3d,/m/083vt /m/07j7r /m/05s2s
797a4d532f645732797a593d,/m/03jm5
7a306e412b5a7043726a383d,/m/0369ss /m/07yv9 /m/01c8br /m/0k4j
7a3336734c684c493363303d,/m/033rq4
7a357851704876624c57513d,/m/05s2s
7a393478323261497571413d,/m/0bl0l /m/07j7r /m/0j2hg
7a51386763636f6d6645303d,/m/0f5zw /m/02csf /m/07glzq /m/01g317
7a547248584a6d4e6e70773d,/m/07yv9 /m/0215_s /m/0369ss
7a646455725239764e4a383d,/m/0335j /m/02mgm6 /m/01g317 /m/01c8br
7a652f354f56304578364d3d,/m/05s2s /m/083vt /m/03ljvf
7a696a5a36356261572b6f3d,/m/0jyfg /m/017ftj
7a704375527150436248733d,/m/07j7r
7a752b505835372b496e633d,/m/012qyb /m/01g317
7a767a496f6175625649633d,/m/0jjw /m/02csf /m/05qdh
